{
  "type": "minecraft:crafting_shaped",
  "category": "misc",
  "pattern": [
    "NRN",
    "RSR",
    "NRN"
  ],
  "key": {
    "N": "minecraft:netherite_ingot",
    "R": "minecraft:redstone_block",
    "S": "minecraft:nether_star"
  },
  "result": {
    "id": "minecraft:bat_spawn_egg",
    "components": {
      "minecraft:item_model": "minecraft:netherite_block",
      "minecraft:item_name": "Netherite Multiblock Base",
      "minecraft:lore": [{"text":"Tier 5 Multiblock Core","color":"gray","italic":false}],
      "minecraft:custom_data": { "ra": { "multiblock_base": "netherite" } },
      "minecraft:entity_data": {
        "id": "minecraft:bat",
        "Tags": ["ra.spawned", "ra.place.multiblock_base", "ra.place.multiblock_base.netherite"],
        "Silent": true,
        "NoAI": true,
        "Invulnerable": true
      }
    }
  },
  "show_notification": true
}
