{
  "type": "minecraft:crafting_shaped",
  "category": "redstone",
  "pattern": [
    "CCC",
    "HOR",
    "CCC"
  ],
  "key": {
    "C": "minecraft:cobblestone",
    "H": "minecraft:player_head",
    "O": "minecraft:observer",
    "R": "minecraft:redstone"
  },
  "result": {
    "id": "minecraft:bat_spawn_egg",
    "components": {
      "minecraft:item_model": "minecraft:observer",
      "minecraft:item_name": "Player Detector",
      "minecraft:custom_data": { "ra": { "player_detector": true } },
      "minecraft:entity_data": {
        "id": "minecraft:bat",
        "Tags": ["ra.spawned", "ra.place.player_detector"],
        "Silent": true,
        "NoAI": true,
        "Invulnerable": true
      }
    }
  },
  "show_notification": true
}
