{
  "parent": "ra_advancements:ra_interactive",
  "display": {
    "icon": {
      "id": "minecraft:observer"
    },
    "title": "Item Mover",
    "description": "Obtain the Item Mover item.",
    "show_toast": true,
    "announce_to_chat": true
  },
  "criteria": {
    "get_item_mover": {
      "trigger": "minecraft:inventory_changed",
      "conditions": {
        "items": [
          {
            "items": ["minecraft:bat_spawn_egg"],
            "components": {"custom_data":{"ra": { "item_mover": 1}}}
          }
        ]
      }
    }
  }
}
