{
  "parent": "ra_advancements:ra_interactive",
  "display": {
    "icon": {
      "id": "minecraft:magenta_glazed_terracotta"
    },
    "title": "Pusher",
    "description": "Obtain the Pusher.",
    "show_toast": true,
    "announce_to_chat": true
  },
  "criteria": {
    "get_pusher": {
      "trigger": "minecraft:inventory_changed",
      "conditions": {
        "items": [
          {
            "items": ["minecraft:bat_spawn_egg"],
            "components": {"custom_data":{"ra": { "pusher": true}}}
          }
        ]
      }
    }
  }
}
