{
  "parent": "ra_advancements:ra_interactive",
  "display": {
    "icon": {
      "id": "minecraft:dropper"
    },
    "title": "Spitter",
    "description": "Obtain the Spitter.",
    "show_toast": true,
    "announce_to_chat": true
  },
  "criteria": {
    "get_spitter": {
      "trigger": "minecraft:inventory_changed",
      "conditions": {
        "items": [
          {
            "items": ["minecraft:bat_spawn_egg"],
            "components": {"custom_data":{"ra": { "spitter": true}}}
          }
        ]
      }
    }
  }
}
