{
  "parent": "ra_advancements:ra_interactive",
  "display": {
    "icon": {
      "id": "minecraft:cauldron"
    },
    "title": "Infinite Water Cauldron",
    "description": "Obtain the Infinite Water Cauldron.",
    "show_toast": true,
    "announce_to_chat": true
  },
  "criteria": {
    "get_infinite_water_cauldron": {
      "trigger": "minecraft:inventory_changed",
      "conditions": {
        "items": [
          {
            "items": ["minecraft:bat_spawn_egg"],
            "components": {"custom_data":{"ra": { "infinite_water_cauldron": true}}}
          }
        ]
      }
    }
  }
}
