{
    "type": "minecraft:crafting_shaped",
    "category": "redstone",
    "pattern": [
        "CCC",
        "PDR",
        "CCC"
    ],
    "key": {
        "C": [
            "minecraft:cobblestone",
            "minecraft:blackstone"
        ],
        "P": "stone_pickaxe",
        "D": "minecraft:dispenser",
        "R": "minecraft:redstone_block"
    },
    "result": {
        "id": "minecraft:item_frame",
        "components": {
            "minecraft:item_name": {"text":"block_breaker"},
            "minecraft:item_model": "minecraft:dispenser",
            "minecraft:entity_data": {
                "id": "item_frame",
                "Tags": [
                    "reddition.blocks.block_place.block_breaker",
                    "reddition.blocks",
                    "reddition.has_cooldown"
                ]
            }
        },
        "count": 1
    },
    "show_notification": true
}