{
  "type": "minecraft:crafting_shaped",
  "category": "redstone",
  "pattern": [
    "PBP",
    "BRB",
    "PBP"
  ],
  "key": {
    "P": "minecraft:paper",
    "B": "minecraft:bookshelf",
    "R": "minecraft:redstone"
  },
  "result": {
    "id": "minecraft:bat_spawn_egg",
    "count": 1,
    "components": {
      "minecraft:item_model": "minecraft:bookshelf",
      "minecraft:item_name": "Randomizer",
      "minecraft:custom_data": { "ra": { "rand": true } },
      "minecraft:entity_data": {
        "id": "minecraft:bat",
        "Tags": ["ra.spawned", "ra.place.rand"],
        "Silent": true,
        "NoAI": true,
        "Invulnerable": true
      }
    }
  },
  "show_notification": true
}
