{
  "type": "minecraft:crafting_shaped",
  "category": "redstone",
  "pattern": [
    "GPG",
    "PRP",
    "GPG"
  ],
  "key": {
    "G": "minecraft:gold_ingot",
    "P": "minecraft:purpur_block",
    "R": "minecraft:redstone"
  },
  "result": {
    "id": "minecraft:bat_spawn_egg",
    "count": 1,
    "components": {
      "minecraft:item_model": "minecraft:purpur_block",
      "minecraft:item_name": "Wireless Receiver",
      "minecraft:custom_data": { "ra": { "receiver": true } },
      "minecraft:entity_data": {
        "id": "minecraft:bat",
        "Tags": ["ra.spawned", "ra.place.receiver"],
        "Silent": true,
        "NoAI": true,
        "Invulnerable": true
      }
    }
  },
  "show_notification": true
}
