{
  "type": "minecraft:crafting_shaped",
  "category": "redstone",
  "pattern": [
    "CCC",
    "NGR",
    "CCC"
  ],
  "key": {
    "C": "minecraft:cobblestone",
    "N": "minecraft:name_tag",
    "G": "minecraft:green_glazed_terracotta",
    "R": "minecraft:redstone"
  },
  "result": {
    "id": "minecraft:bat_spawn_egg",
    "components": {
      "minecraft:item_model": "minecraft:green_glazed_terracotta",
      "minecraft:item_name": "Tag Adder",
      "minecraft:custom_data": { "ra": { "tag_adder": true } },
      "minecraft:entity_data": {
        "id": "minecraft:bat",
        "Tags": ["ra.spawned", "ra.place.tag_adder"],
        "Silent": true,
        "NoAI": true,
        "Invulnerable": true
      }
    }
  },
  "show_notification": true
}
