{
  "parent": "ra_advancements:ra_gates",
  "display": {
    "icon": {
      "id": "minecraft:mossy_cobblestone"
    },
    "title": "Extender",
    "description": "Obtain the Extender.",
    "show_toast": true,
    "announce_to_chat": true
  },
  "criteria": {
    "get_extender": {
      "trigger": "minecraft:inventory_changed",
      "conditions": {
        "items": [
          {
            "items": ["minecraft:bat_spawn_egg"],
            "components": {"custom_data":{"ra": { "extender": true}}}
          }
        ]
      }
    }
  }
}
