{
  "type": "minecraft:crafting_shaped",
  "category": "misc",
  "pattern": [
    "III",
    "WCW",
    "III"
  ],
  "key": {
    "I": "minecraft:iron_ingot",
    "W": "minecraft:water_bucket",
    "C": "minecraft:cauldron"
  },
  "result": {
    "id": "minecraft:bat_spawn_egg",
    "components": {
      "minecraft:item_model": "minecraft:cauldron",
      "minecraft:item_name": "Infinite Water Cauldron",
      "minecraft:custom_data": { "ra": { "infinite_water_cauldron": true } },
      "minecraft:entity_data": {
        "id": "minecraft:bat",
        "Tags": ["ra.spawned", "ra.place.infinite_water_cauldron"],
        "Silent": true,
        "NoAI": true,
        "Invulnerable": true
      }
    }
  },
  "show_notification": true
}
