{
  "type": "minecraft:crafting_shaped",
  "category": "misc",
  "pattern": [
    "SSS",
    "PCP",
    "SSS"
  ],
  "key": {
    "S": "minecraft:snow_block",
    "P": "minecraft:powder_snow_bucket",
    "C": "minecraft:cauldron"
  },
  "result": {
    "id": "minecraft:bat_spawn_egg",
    "components": {
      "minecraft:item_model": "minecraft:cauldron",
      "minecraft:item_name": "Infinite Snow Cauldron",
      "minecraft:custom_data": { "ra": { "infinite_snow_cauldron": true } },
      "minecraft:entity_data": {
        "id": "minecraft:bat",
        "Tags": ["ra.spawned", "ra.place.infinite_snow_cauldron"],
        "Silent": true,
        "NoAI": true,
        "Invulnerable": true
      }
    }
  },
  "show_notification": true
}
