{
  "type": "minecraft:crafting_shaped",
  "category": "redstone",
  "pattern": [
    "CRC",
    "HOH",
    "CRC"
  ],
  "key": {
    "C": ["minecraft:cobblestone", "minecraft:blackstone"],
    "R": "minecraft:redstone",
    "O": "minecraft:observer",
    "H": "minecraft:hopper"
  },
  "result": {
    "id": "minecraft:bat_spawn_egg",
    "components": {
      "minecraft:item_model": "minecraft:observer",
      "minecraft:item_name": "Item Mover",
      "minecraft:lore": [{"text":"Moves items from back to front","color":"gray","italic":false}],
      "minecraft:custom_data": { "ra": { "item_mover": true } },
      "minecraft:entity_data": {
        "id": "minecraft:bat",
        "Tags": ["ra.spawned", "ra.place.item_mover"],
        "Silent": true,
        "NoAI": true,
        "Invulnerable": true
      }
    }
  },
  "show_notification": true
}
