{
  "type": "minecraft:crafting_shaped",
  "category": "redstone",
  "pattern": [
    "SMS",
    "MRM",
    "SMS"
  ],
  "key": {
    "S": "minecraft:stone_bricks",
    "M": "minecraft:mossy_stone_bricks",
    "R": "minecraft:redstone"
  },
  "result": {
    "id": "minecraft:bat_spawn_egg",
    "count": 1,
    "components": {
      "minecraft:item_model": "minecraft:mossy_stone_bricks",
      "minecraft:item_name": "Shortener",
      "minecraft:custom_data": { "ra": { "shortener": true } },
      "minecraft:entity_data": {
        "id": "minecraft:bat",
        "Tags": ["ra.spawned", "ra.place.shortener"],
        "Silent": true,
        "NoAI": true,
        "Invulnerable": true
      }
    }
  },
  "show_notification": true
}
