{
  "parent": "ra_advancements:ra_gates",
  "display": {
    "icon": {
      "id": "minecraft:mossy_stone_bricks"
    },
    "title": "Shortener",
    "description": "Obtain the Shortener.",
    "show_toast": true,
    "announce_to_chat": true
  },
  "criteria": {
    "get_shortener": {
      "trigger": "minecraft:inventory_changed",
      "conditions": {
        "items": [
          {
            "items": ["minecraft:bat_spawn_egg"],
            "components": {"custom_data":{"ra": { "shortener": true}}}
          }
        ]
      }
    }
  }
}
