{
  "parent": "minecraft:recipes/root",
  "criteria": {
    "has_the_recipe": {
      "conditions": {
        "recipe": "ra_gates:xor_gate"
      },
      "trigger": "minecraft:recipe_unlocked"
    },
    "has_comparator": {
      "conditions": {
        "items": [{ "items": "minecraft:comparator" }]
      },
      "trigger": "minecraft:inventory_changed"
    }
  },
  "requirements": [["has_the_recipe", "has_comparator"]],
  "rewards": {
    "recipes": ["ra_gates:xor_gate"]
  }
}
