{
  "type": "minecraft:crafting_shaped",
  "group": "redstone",
  "pattern": [
    "STS",
    "RCR",
    "STS"
  ],
  "key": {
    "S": "minecraft:smooth_stone_slab",
    "T": "minecraft:redstone_torch",
    "R": "minecraft:redstone",
    "C": "minecraft:comparator"
  },
  "result": {
    "id": "minecraft:bat_spawn_egg",
    "components": {
      "minecraft:item_model": "minecraft:smooth_stone_slab",
      "minecraft:item_name": "XNOR Gate",
      "minecraft:custom_data": { "ra": { "xnor_gate": true } },
      "minecraft:entity_data": {
        "id": "minecraft:bat",
        "Tags": ["ra.spawned", "ra.place.xnor_gate"],
        "Silent": true,
        "NoAI": true,
        "Invulnerable": true
      }
    }
  },
  "show_notification": true
}
