{
  "parent": "minecraft:recipes/root",
  "criteria": {
    "has_the_recipe": {
      "conditions": {
        "recipe": "ra_interactive:conveyor"
      },
      "trigger": "minecraft:recipe_unlocked"
    },
    "has_copper": {
      "conditions": {
        "items": [{ "items": "minecraft:copper_ingot" }]
      },
      "trigger": "minecraft:inventory_changed"
    }
  },
  "requirements": [["has_the_recipe", "has_copper"]],
  "rewards": {
    "recipes": ["ra_interactive:conveyor"]
  }
}
