{
  "parent": "minecraft:recipes/root",
  "criteria": {
    "has_the_recipe": {
      "conditions": {
        "recipe": "ra_interactive:pusher"
      },
      "trigger": "minecraft:recipe_unlocked"
    },
    "has_piston": {
      "conditions": {
        "items": [{ "items": "minecraft:piston" }]
      },
      "trigger": "minecraft:inventory_changed"
    }
  },
  "requirements": [["has_the_recipe", "has_piston"]],
  "rewards": {
    "recipes": ["ra_interactive:pusher"]
  }
}
