{
  "type": "minecraft:crafting_shaped",
  "category": "equipment",
  "pattern": [
    " H ",
    "PGP"
  ],
  "key": {
    "H": "minecraft:copper_ingot",
    "P": "minecraft:glass_pane",
    "G": "minecraft:gold_ingot"
  },
  "result": {
    "id": "minecraft:leather_helmet",
    "count": 1,
    "components": {
      "minecraft:item_name": "Goggles",
      "minecraft:custom_data": { "ra": { "goggles": true } },
      "minecraft:dyed_color": 16750848,
      "minecraft:enchantment_glint_override": true,
      "minecraft:lore": [
        "{\"text\":\"Reveals custom block info\",\"color\":\"gray\",\"italic\":false}",
        "{\"text\":\"Wear or hold to scan nearby blocks\",\"color\":\"dark_gray\",\"italic\":false}"
      ]
    }
  },
  "show_notification": true
}
