{
  "parent": "minecraft:recipes/root",
  "criteria": {
    "has_the_recipe": {
      "conditions": {
        "recipe": "ra_gates:and_gate"
      },
      "trigger": "minecraft:recipe_unlocked"
    },
    "has_redstone": {
      "conditions": {
        "items": [{ "items": "minecraft:redstone" }]
      },
      "trigger": "minecraft:inventory_changed"
    }
  },
  "requirements": [["has_the_recipe", "has_redstone"]],
  "rewards": {
    "recipes": ["ra_gates:and_gate"]
  }
}
