{
  "parent": "minecraft:recipes/root",
  "criteria": {
    "has_the_recipe": {
      "conditions": {
        "recipe": "ra_gates:uni_gate"
      },
      "trigger": "minecraft:recipe_unlocked"
    },
    "has_slab": {
      "conditions": {
        "items": [{ "items": "minecraft:smooth_stone_slab" }]
      },
      "trigger": "minecraft:inventory_changed"
    }
  },
  "requirements": [["has_the_recipe", "has_slab"]],
  "rewards": {
    "recipes": ["ra_gates:uni_gate"]
  }
}
