{
  "parent": "ra_advancements:ra_interactive",
  "display": {
    "icon": {
      "id": "minecraft:dispenser"
    },
    "title": "Breeder",
    "description": "Obtain the Breeder item.",
    "show_toast": true,
    "announce_to_chat": true
  },
  "criteria": {
    "get_breeder": {
      "trigger": "minecraft:inventory_changed",
      "conditions": {
        "items": [
          {
            "items": ["minecraft:bat_spawn_egg"],
            "components": {"custom_data":{"ra": { "breeder": 1}}}
          }
        ]
      }
    }
  }
}