{
  "type": "minecraft:crafting_shaped",
  "category": "redstone",
  "pattern": [
    "GTG",
    "TRT",
    "GTG"
  ],
  "key": {
    "G": "minecraft:glass",
    "T": "minecraft:cyan_glazed_terracotta",
    "R": "minecraft:redstone"
  },
  "result": {
    "id": "minecraft:bat_spawn_egg",
    "count": 1,
    "components": {
      "minecraft:item_model": "minecraft:cyan_glazed_terracotta",
      "minecraft:item_name": "Beamer",
      "minecraft:custom_data": { "ra": { "beamer": true } },
      "minecraft:entity_data": {
        "id": "minecraft:bat",
        "Tags": ["ra.spawned", "ra.place.beamer"],
        "Silent": true,
        "NoAI": true,
        "Invulnerable": true
      }
    }
  },
  "show_notification": true
}
