{
  "type": "minecraft:crafting_shaped",
  "category": "redstone",
  "pattern": [
    "SCS",
    "CRC",
    "SCS"
  ],
  "key": {
    "S": "minecraft:stone_bricks",
    "C": "minecraft:chiseled_stone_bricks",
    "R": "minecraft:redstone"
  },
  "result": {
    "id": "minecraft:bat_spawn_egg",
    "count": 1,
    "components": {
      "minecraft:item_model": "minecraft:chiseled_stone_bricks",
      "minecraft:item_name": "Delayer",
      "minecraft:custom_data": { "ra": { "delayer": true } },
      "minecraft:entity_data": {
        "id": "minecraft:bat",
        "Tags": ["ra.spawned", "ra.place.delayer"],
        "Silent": true,
        "NoAI": true,
        "Invulnerable": true
      }
    }
  },
  "show_notification": true
}
