{
  "parent": "minecraft:recipes/root",
  "criteria": {
    "has_the_recipe": {
      "conditions": {
        "recipe": "ra_interactive:infinite_water_cauldron"
      },
      "trigger": "minecraft:recipe_unlocked"
    },
    "has_cauldron": {
      "conditions": {
        "items": [{ "items": "minecraft:cauldron" }]
      },
      "trigger": "minecraft:inventory_changed"
    }
  },
  "requirements": [["has_the_recipe", "has_cauldron"]],
  "rewards": {
    "recipes": ["ra_interactive:infinite_water_cauldron"]
  }
}
