{
  "type": "minecraft:crafting_shaped",
  "category": "redstone",
  "pattern": [
    "CCC",
    "ESR",
    "CCC"
  ],
  "key": {
    "C": "minecraft:cobblestone",
    "E": "minecraft:spider_eye",
    "S": "minecraft:sculk_sensor",
    "R": "minecraft:redstone"
  },
  "result": {
    "id": "minecraft:bat_spawn_egg",
    "components": {
      "minecraft:item_model": "minecraft:sculk_sensor",
      "minecraft:item_name": "Entity Detector",
      "minecraft:custom_data": { "ra": { "entity_detector": true } },
      "minecraft:entity_data": {
        "id": "minecraft:bat",
        "Tags": ["ra.spawned", "ra.place.entity_detector"],
        "Silent": true,
        "NoAI": true,
        "Invulnerable": true,
        "properties": { "range": 5, "entity_type": "minecraft:pig" }
      }
    }
  },
  "show_notification": true
}
